booking_id,listing_id,user_id,booking_date,checkin_date,checkout_date
1000,98,250,2023-02-26,2023-03-07,2023-03-13
1001,58,324,2023-02-26,2023-03-04,2023-03-10
1002,58,379,2023-02-21,2023-02-27,2023-03-05
1003,15,300,2023-02-22,2023-02-23,2023-02-26
1004,8,307,2023-02-17,2023-02-22,2023-02-26
1005,68,246,2023-01-03,2023-01-06,2023-01-11
1006,55,343,2023-06-15,2023-06-17,2023-06-21
1007,30,319,2023-05-24,2023-05-27,2023-05-28
1008,92,428,2023-02-22,2023-02-27,2023-03-01
1009,62,328,2023-01-22,2023-01-23,2023-01-24
1010,34,317,2023-03-28,2023-04-06,2023-04-12
1011,1,391,2023-01-11,2023-01-16,2023-01-21
1012,22,275,2023-03-31,2023-04-03,2023-04-06
1013,86,419,2023-01-24,2023-01-29,2023-02-04
1014,47,403,2023-03-30,2023-04-04,2023-04-10
1015,39,453,2023-04-05,2023-04-10,2023-04-11
1016,23,299,2023-01-08,2023-01-10,2023-01-16
1017,52,346,2023-05-17,2023-05-18,2023-05-20
1018,69,359,2022-12-31,2023-01-04,2023-01-06
1019,24,362,2023-05-19,2023-05-20,2023-05-22
1020,33,300,2023-06-25,2023-06-28,2023-07-01
1021,65,242,2023-06-08,2023-06-10,2023-06-12
1022,35,463,2023-03-20,2023-03-22,2023-03-24
1023,7,313,2023-02-19,2023-02-27,2023-03-04
1024,36,448,2023-01-17,2023-01-21,2023-01-26
1025,10,391,2023-04-08,2023-04-11,2023-04-12
1026,49,295,2023-04-01,2023-04-09,2023-04-13
1027,23,382,2023-01-30,2023-02-06,2023-02-10
1028,89,485,2023-04-08,2023-04-09,2023-04-10
1029,62,386,2023-03-22,2023-03-25,2023-03-26
1030,49,432,2023-04-07,2023-04-10,2023-04-14
1031,76,405,2023-01-05,2023-01-09,2023-01-13
1032,83,268,2023-04-18,2023-04-21,2023-04-26
1033,12,252,2023-01-18,2023-01-25,2023-01-29
1034,16,380,2023-02-19,2023-02-26,2023-03-03
1035,14,362,2023-04-25,2023-05-02,2023-05-07
1036,93,438,2023-03-07,2023-03-16,2023-03-18
1037,74,429,2023-05-18,2023-05-25,2023-05-30
1038,46,482,2023-05-19,2023-05-21,2023-05-23
1039,5,335,2023-01-28,2023-01-29,2023-02-03
1040,86,331,2023-05-21,2023-05-25,2023-05-26
1041,70,381,2023-06-01,2023-06-08,2023-06-11
1042,91,238,2023-03-28,2023-03-31,2023-04-03
1043,45,419,2023-05-17,2023-05-21,2023-05-23
1044,92,200,2023-02-27,2023-03-02,2023-03-03
1045,77,390,2023-04-01,2023-04-02,2023-04-08
1046,25,316,2023-02-19,2023-02-25,2023-02-26
1047,58,359,2023-02-08,2023-02-13,2023-02-18
1048,80,402,2023-04-23,2023-04-28,2023-05-03
1049,36,246,2023-05-18,2023-05-27,2023-05-31
1050,49,253,2023-01-08,2023-01-14,2023-01-15
1051,3,211,2023-05-16,2023-05-24,2023-05-25
1052,76,207,2023-05-28,2023-06-01,2023-06-05
1053,90,377,2023-05-11,2023-05-16,2023-05-18
1054,41,344,2023-05-26,2023-06-04,2023-06-10
1055,33,245,2023-06-03,2023-06-06,2023-06-11
1056,6,455,2023-03-18,2023-03-23,2023-03-26
1057,47,209,2023-05-25,2023-06-02,2023-06-04
1058,30,318,2023-04-11,2023-04-19,2023-04-24
1059,33,345,2023-04-27,2023-04-28,2023-04-29
1060,11,262,2023-03-17,2023-03-26,2023-03-28
1061,86,376,2023-02-27,2023-02-28,2023-03-03
1062,98,205,2023-04-14,2023-04-15,2023-04-18
1063,69,458,2023-03-31,2023-04-05,2023-04-10
1064,23,401,2023-02-19,2023-02-22,2023-02-27
1065,17,200,2023-03-23,2023-03-26,2023-04-01
1066,45,487,2023-01-02,2023-01-04,2023-01-10
1067,92,449,2023-04-03,2023-04-05,2023-04-07
1068,54,467,2023-04-27,2023-04-28,2023-05-01
1069,54,421,2023-05-04,2023-05-13,2023-05-19
1070,17,265,2023-04-19,2023-04-22,2023-04-27
1071,38,297,2023-02-05,2023-02-07,2023-02-09
1072,30,448,2023-03-14,2023-03-20,2023-03-23
1073,97,229,2023-03-13,2023-03-20,2023-03-24
1074,51,484,2023-03-18,2023-03-22,2023-03-27
1075,10,472,2023-05-21,2023-05-25,2023-05-27
1076,88,461,2023-03-05,2023-03-10,2023-03-12
1077,66,242,2023-05-03,2023-05-06,2023-05-09
1078,23,207,2023-03-17,2023-03-21,2023-03-24
1079,4,394,2023-01-23,2023-01-25,2023-01-28
1080,61,476,2023-04-27,2023-05-02,2023-05-05
1081,82,221,2023-03-28,2023-04-02,2023-04-04
1082,70,432,2022-12-30,2023-01-01,2023-01-06
1083,49,272,2023-03-10,2023-03-19,2023-03-21
1084,47,438,2023-04-23,2023-05-01,2023-05-07
1085,94,225,2023-04-13,2023-04-17,2023-04-22
1086,1,452,2023-01-04,2023-01-08,2023-01-09
1087,79,213,2023-02-09,2023-02-16,2023-02-22
1088,78,353,2023-05-02,2023-05-10,2023-05-15
1089,7,438,2023-01-01,2023-01-03,2023-01-09
1090,38,318,2023-04-20,2023-04-25,2023-04-26
1091,28,472,2023-02-01,2023-02-08,2023-02-09
1092,86,224,2023-05-05,2023-05-06,2023-05-10
1093,13,266,2023-01-16,2023-01-25,2023-01-29
1094,18,310,2023-04-15,2023-04-21,2023-04-25
1095,34,435,2023-04-18,2023-04-21,2023-04-22
1096,42,205,2023-06-14,2023-06-18,2023-06-23
1097,26,428,2023-02-24,2023-03-05,2023-03-07
1098,33,397,2023-05-24,2023-05-30,2023-06-04
1099,4,294,2023-03-27,2023-04-04,2023-04-07
1100,55,442,2023-05-09,2023-05-17,2023-05-20
1101,36,419,2023-05-28,2023-06-01,2023-06-07
1102,79,293,2023-05-06,2023-05-14,2023-05-20
1103,51,393,2023-02-23,2023-03-03,2023-03-04
1104,26,499,2023-06-23,2023-06-28,2023-07-03
1105,70,474,2023-05-30,2023-06-03,2023-06-09
1106,97,339,2023-01-19,2023-01-20,2023-01-21
1107,90,492,2023-05-18,2023-05-22,2023-05-28
1108,77,377,2022-12-26,2023-01-03,2023-01-04
1109,10,371,2023-01-03,2023-01-05,2023-01-07
1110,13,283,2023-06-16,2023-06-17,2023-06-19
1111,63,472,2023-04-02,2023-04-11,2023-04-12
1112,75,293,2023-05-22,2023-05-23,2023-05-29
1113,69,435,2023-03-01,2023-03-03,2023-03-07
1114,78,336,2023-04-25,2023-04-27,2023-04-30
1115,76,495,2023-01-29,2023-02-04,2023-02-05
1116,60,466,2023-02-24,2023-03-05,2023-03-10
1117,14,490,2023-02-24,2023-03-01,2023-03-07
1118,37,277,2023-01-01,2023-01-05,2023-01-08
1119,89,495,2023-02-03,2023-02-11,2023-02-12
1120,39,487,2023-04-11,2023-04-14,2023-04-20
1121,38,352,2023-04-06,2023-04-07,2023-04-08
1122,97,238,2023-02-19,2023-02-22,2023-02-25
1123,70,378,2023-05-06,2023-05-14,2023-05-17
1124,42,488,2023-01-11,2023-01-15,2023-01-20
1125,94,356,2023-05-29,2023-06-04,2023-06-08
1126,57,488,2023-04-03,2023-04-07,2023-04-12
1127,86,204,2023-03-06,2023-03-07,2023-03-09
1128,38,415,2023-05-17,2023-05-21,2023-05-25
1129,56,335,2023-01-10,2023-01-15,2023-01-20
1130,29,372,2023-02-14,2023-02-16,2023-02-20
1131,27,442,2023-04-01,2023-04-05,2023-04-08
1132,36,482,2023-01-21,2023-01-26,2023-01-29
1133,20,237,2023-01-05,2023-01-11,2023-01-17
1134,72,417,2023-01-15,2023-01-23,2023-01-25
1135,62,370,2023-04-17,2023-04-21,2023-04-25
1136,68,326,2023-05-12,2023-05-13,2023-05-18
1137,92,250,2023-01-23,2023-01-31,2023-02-02
1138,41,300,2023-01-06,2023-01-11,2023-01-12
1139,90,381,2023-04-13,2023-04-20,2023-04-24
1140,57,254,2022-12-29,2023-01-01,2023-01-07
1141,40,336,2023-05-19,2023-05-23,2023-05-28
1142,57,490,2023-04-23,2023-04-27,2023-04-29
1143,25,493,2023-03-29,2023-03-31,2023-04-03
1144,7,216,2023-06-08,2023-06-11,2023-06-14
1145,54,379,2023-05-26,2023-06-01,2023-06-02
1146,88,484,2023-06-04,2023-06-10,2023-06-11
1147,26,248,2023-05-29,2023-06-05,2023-06-07
1148,81,376,2023-03-21,2023-03-25,2023-03-26
1149,86,248,2023-02-25,2023-03-04,2023-03-09
1150,1,414,2023-05-18,2023-05-21,2023-05-27
1151,56,484,2023-03-02,2023-03-03,2023-03-09
1152,45,217,2023-01-29,2023-01-30,2023-02-02
1153,78,393,2023-04-19,2023-04-25,2023-04-27
1154,92,421,2023-04-17,2023-04-23,2023-04-25
1155,51,463,2023-02-25,2023-03-04,2023-03-08
1156,3,361,2023-01-31,2023-02-01,2023-02-03
1157,87,487,2023-02-22,2023-02-24,2023-02-28
1158,7,446,2023-03-31,2023-04-03,2023-04-04
1159,88,448,2023-03-08,2023-03-13,2023-03-19
1160,67,291,2023-02-12,2023-02-20,2023-02-21
1161,34,487,2023-01-27,2023-02-04,2023-02-10
1162,46,364,2023-05-18,2023-05-24,2023-05-28
1163,85,206,2023-05-15,2023-05-22,2023-05-24
1164,33,346,2023-05-28,2023-05-31,2023-06-05
1165,36,281,2023-01-27,2023-01-29,2023-02-02
1166,1,210,2023-02-14,2023-02-16,2023-02-21
1167,67,219,2023-04-24,2023-04-29,2023-05-03
1168,37,425,2023-06-10,2023-06-15,2023-06-21
1169,44,479,2023-04-08,2023-04-09,2023-04-13
1170,74,414,2023-06-06,2023-06-07,2023-06-10
1171,81,239,2023-01-12,2023-01-14,2023-01-15
1172,25,445,2023-04-07,2023-04-13,2023-04-14
1173,4,228,2023-06-01,2023-06-03,2023-06-05
1174,87,345,2023-02-01,2023-02-06,2023-02-09
1175,42,233,2023-04-09,2023-04-10,2023-04-11
1176,37,275,2023-05-26,2023-06-02,2023-06-08
1177,86,486,2023-01-21,2023-01-27,2023-01-28
1178,91,467,2023-06-08,2023-06-17,2023-06-19
1179,53,389,2023-05-16,2023-05-18,2023-05-23
1180,54,380,2023-04-13,2023-04-17,2023-04-18
1181,26,466,2023-01-21,2023-01-29,2023-02-03
1182,11,386,2023-06-06,2023-06-13,2023-06-14
1183,99,254,2023-02-15,2023-02-23,2023-02-25
1184,22,449,2023-03-06,2023-03-10,2023-03-11
1185,20,400,2023-03-20,2023-03-22,2023-03-28
1186,73,328,2023-01-31,2023-02-09,2023-02-10
1187,61,224,2023-06-13,2023-06-20,2023-06-22
1188,35,428,2023-05-08,2023-05-11,2023-05-13
1189,94,211,2023-04-09,2023-04-12,2023-04-14
1190,44,216,2023-02-09,2023-02-18,2023-02-23
1191,55,279,2023-02-08,2023-02-16,2023-02-20
1192,83,280,2023-01-01,2023-01-08,2023-01-13
1193,80,288,2023-01-16,2023-01-25,2023-01-27
1194,26,215,2023-02-09,2023-02-16,2023-02-18
1195,17,285,2023-05-24,2023-05-31,2023-06-02
1196,14,206,2023-03-11,2023-03-20,2023-03-25
1197,48,414,2023-03-11,2023-03-13,2023-03-15
1198,95,302,2023-04-25,2023-04-26,2023-04-29
1199,14,307,2023-06-06,2023-06-08,2023-06-11
1200,3,382,2023-01-30,2023-02-06,2023-02-09
1201,39,203,2023-01-09,2023-01-15,2023-01-16
1202,25,360,2023-05-19,2023-05-21,2023-05-23
1203,55,450,2023-06-12,2023-06-19,2023-06-21
1204,13,295,2023-05-18,2023-05-21,2023-05-23
1205,39,228,2023-02-14,2023-02-15,2023-02-19
1206,93,435,2023-02-22,2023-03-03,2023-03-08
1207,16,264,2023-04-30,2023-05-01,2023-05-03
1208,3,357,2023-06-20,2023-06-22,2023-06-28
1209,68,492,2023-05-17,2023-05-26,2023-06-01
1210,48,339,2023-03-09,2023-03-14,2023-03-15
1211,61,397,2023-06-13,2023-06-20,2023-06-24
1212,56,210,2023-03-02,2023-03-04,2023-03-10
1213,25,258,2023-02-13,2023-02-21,2023-02-25
1214,20,442,2023-04-01,2023-04-03,2023-04-09
1215,57,458,2023-06-10,2023-06-18,2023-06-19
1216,6,253,2022-12-29,2023-01-05,2023-01-10
1217,49,219,2023-01-08,2023-01-09,2023-01-12
1218,61,377,2023-05-01,2023-05-03,2023-05-05
1219,62,359,2023-05-22,2023-05-25,2023-05-28
1220,13,288,2023-04-21,2023-04-30,2023-05-05
1221,68,297,2023-05-13,2023-05-22,2023-05-27
1222,56,228,2023-02-27,2023-03-08,2023-03-11
1223,67,369,2023-05-24,2023-06-02,2023-06-04
1224,79,460,2023-02-07,2023-02-09,2023-02-10
1225,88,450,2023-04-29,2023-05-04,2023-05-10
1226,48,236,2023-03-26,2023-03-31,2023-04-02
1227,77,239,2023-03-19,2023-03-22,2023-03-24
1228,58,239,2023-03-07,2023-03-08,2023-03-10
1229,6,258,2023-05-18,2023-05-27,2023-05-31
1230,13,380,2023-04-13,2023-04-17,2023-04-22
1231,63,387,2023-05-28,2023-06-04,2023-06-10
1232,5,448,2023-02-11,2023-02-14,2023-02-16
1233,31,359,2023-01-18,2023-01-23,2023-01-25
1234,30,457,2023-02-01,2023-02-08,2023-02-10
1235,66,354,2023-01-12,2023-01-13,2023-01-19
1236,17,387,2023-04-06,2023-04-14,2023-04-16
1237,35,273,2023-03-02,2023-03-11,2023-03-14
1238,96,259,2023-02-27,2023-03-04,2023-03-08
1239,93,441,2023-01-18,2023-01-22,2023-01-26
1240,91,392,2023-01-11,2023-01-17,2023-01-21
1241,90,409,2023-04-28,2023-04-30,2023-05-03
1242,14,403,2023-06-20,2023-06-24,2023-06-29
1243,99,206,2023-06-28,2023-06-29,2023-07-04
1244,6,257,2023-04-14,2023-04-21,2023-04-24
1245,26,484,2023-06-19,2023-06-23,2023-06-25
1246,81,238,2023-04-02,2023-04-09,2023-04-14
1247,29,487,2023-06-04,2023-06-06,2023-06-09
1248,47,226,2023-03-22,2023-03-25,2023-03-31
1249,81,291,2023-05-01,2023-05-06,2023-05-10
1250,47,283,2023-04-05,2023-04-11,2023-04-14
1251,19,456,2023-05-05,2023-05-11,2023-05-14
1252,15,362,2023-06-10,2023-06-11,2023-06-16
1253,25,473,2023-01-16,2023-01-24,2023-01-28
1254,60,344,2023-06-18,2023-06-23,2023-06-24
1255,8,373,2023-03-18,2023-03-20,2023-03-23
1256,71,380,2023-05-03,2023-05-11,2023-05-16
1257,60,245,2023-04-23,2023-05-02,2023-05-05
1258,94,435,2023-01-13,2023-01-17,2023-01-23
1259,100,413,2023-01-03,2023-01-09,2023-01-15
1260,2,263,2023-03-28,2023-03-29,2023-04-01
1261,72,294,2023-01-15,2023-01-21,2023-01-23
1262,32,416,2023-01-10,2023-01-11,2023-01-16
1263,41,413,2023-05-13,2023-05-16,2023-05-19
1264,88,275,2023-02-01,2023-02-10,2023-02-11
1265,46,285,2023-06-05,2023-06-09,2023-06-15
1266,33,201,2023-06-16,2023-06-17,2023-06-19
1267,33,276,2023-06-03,2023-06-07,2023-06-08
1268,26,365,2023-05-23,2023-05-30,2023-06-01
1269,90,342,2023-06-21,2023-06-23,2023-06-25
1270,44,322,2023-02-12,2023-02-18,2023-02-21
1271,9,422,2022-12-28,2023-01-06,2023-01-07
1272,76,283,2023-01-01,2023-01-08,2023-01-10
1273,75,221,2023-03-22,2023-03-25,2023-03-29
1274,41,211,2023-04-09,2023-04-16,2023-04-22
1275,12,442,2023-05-18,2023-05-21,2023-05-22
1276,55,420,2023-04-03,2023-04-10,2023-04-15
1277,53,499,2023-01-30,2023-02-01,2023-02-04
1278,70,349,2023-05-21,2023-05-26,2023-05-29
1279,96,258,2023-02-22,2023-02-25,2023-02-26
1280,28,292,2023-01-29,2023-02-04,2023-02-09
1281,63,412,2023-03-30,2023-04-07,2023-04-11
1282,20,419,2023-02-02,2023-02-06,2023-02-10
1283,60,376,2023-05-29,2023-06-01,2023-06-03
1284,96,449,2023-04-10,2023-04-15,2023-04-19
1285,98,461,2023-02-28,2023-03-07,2023-03-09
1286,42,445,2023-04-22,2023-04-25,2023-04-27
1287,18,424,2023-02-06,2023-02-09,2023-02-14
1288,26,439,2023-01-01,2023-01-08,2023-01-12
1289,42,201,2023-06-14,2023-06-21,2023-06-27
1290,37,240,2023-03-04,2023-03-10,2023-03-16
1291,60,430,2023-04-26,2023-05-05,2023-05-11
1292,84,344,2023-05-01,2023-05-10,2023-05-16
1293,28,428,2023-03-02,2023-03-07,2023-03-10
1294,65,363,2023-06-10,2023-06-17,2023-06-21
1295,47,209,2023-01-28,2023-01-31,2023-02-03
1296,14,292,2023-03-12,2023-03-21,2023-03-23
1297,1,463,2023-05-12,2023-05-13,2023-05-17
1298,57,483,2023-02-24,2023-03-05,2023-03-11
1299,37,403,2023-06-19,2023-06-24,2023-06-29
1300,49,355,2023-04-24,2023-04-30,2023-05-04
1301,61,329,2023-05-19,2023-05-28,2023-05-30
1302,37,484,2023-01-19,2023-01-20,2023-01-22
1303,35,360,2023-02-27,2023-02-28,2023-03-05
1304,51,475,2023-01-07,2023-01-12,2023-01-14
1305,88,416,2023-02-10,2023-02-12,2023-02-18
1306,29,377,2023-02-01,2023-02-08,2023-02-11
1307,44,350,2023-02-03,2023-02-07,2023-02-11
1308,80,207,2023-06-25,2023-06-27,2023-06-29
1309,85,204,2023-05-03,2023-05-09,2023-05-14
1310,47,318,2023-02-01,2023-02-03,2023-02-04
1311,82,335,2023-05-17,2023-05-25,2023-05-27
1312,76,488,2023-03-12,2023-03-13,2023-03-14
1313,19,252,2023-01-26,2023-01-31,2023-02-06
1314,90,360,2023-02-23,2023-03-04,2023-03-05
1315,89,272,2023-06-20,2023-06-25,2023-06-30
1316,77,297,2023-06-02,2023-06-08,2023-06-09
1317,4,281,2023-04-03,2023-04-12,2023-04-15
1318,23,328,2023-03-16,2023-03-24,2023-03-29
1319,54,342,2023-03-29,2023-03-30,2023-04-04
1320,76,292,2023-05-14,2023-05-23,2023-05-28
1321,33,490,2023-02-12,2023-02-18,2023-02-19
1322,90,309,2023-01-09,2023-01-11,2023-01-14
1323,46,284,2023-01-01,2023-01-09,2023-01-12
1324,48,420,2023-05-27,2023-06-05,2023-06-10
1325,12,492,2023-05-09,2023-05-13,2023-05-15
1326,15,220,2023-02-05,2023-02-12,2023-02-18
1327,80,323,2023-02-07,2023-02-16,2023-02-21
1328,36,476,2023-02-14,2023-02-20,2023-02-24
1329,19,251,2023-01-31,2023-02-03,2023-02-09
1330,8,357,2023-05-22,2023-05-24,2023-05-26
1331,2,331,2023-06-17,2023-06-26,2023-07-01
1332,94,273,2022-12-31,2023-01-07,2023-01-11
1333,13,497,2023-05-31,2023-06-08,2023-06-09
1334,36,462,2023-03-19,2023-03-25,2023-03-29
1335,1,246,2023-06-14,2023-06-21,2023-06-26
1336,22,413,2023-04-19,2023-04-28,2023-05-03
1337,26,320,2023-01-01,2023-01-09,2023-01-11
1338,24,492,2023-02-14,2023-02-18,2023-02-20
1339,50,299,2023-05-25,2023-06-01,2023-06-04
1340,74,363,2023-03-29,2023-03-30,2023-04-01
1341,55,307,2023-03-08,2023-03-10,2023-03-11
1342,33,349,2023-04-24,2023-04-29,2023-05-04
1343,15,359,2023-06-03,2023-06-12,2023-06-16
1344,78,453,2023-03-09,2023-03-18,2023-03-23
1345,2,462,2023-02-28,2023-03-05,2023-03-08
1346,18,324,2023-03-01,2023-03-08,2023-03-10
1347,41,218,2023-01-20,2023-01-24,2023-01-28
1348,90,487,2023-04-05,2023-04-12,2023-04-14
1349,36,272,2023-03-30,2023-04-07,2023-04-11
1350,97,395,2023-05-02,2023-05-03,2023-05-09
1351,60,204,2023-05-05,2023-05-10,2023-05-14
1352,8,499,2023-02-16,2023-02-19,2023-02-22
1353,86,414,2023-03-09,2023-03-11,2023-03-13
1354,81,485,2023-01-31,2023-02-04,2023-02-06
1355,8,235,2023-05-25,2023-05-30,2023-06-03
1356,77,407,2023-01-22,2023-01-31,2023-02-01
1357,55,344,2023-05-16,2023-05-24,2023-05-28
1358,84,436,2022-12-27,2023-01-03,2023-01-09
1359,92,204,2023-04-21,2023-04-25,2023-05-01
1360,65,348,2023-04-27,2023-05-01,2023-05-07
1361,70,430,2023-05-29,2023-05-30,2023-06-01
1362,16,425,2023-02-03,2023-02-07,2023-02-11
1363,97,436,2023-05-29,2023-05-31,2023-06-02
1364,85,448,2022-12-24,2023-01-02,2023-01-05
1365,65,379,2023-03-09,2023-03-16,2023-03-19
1366,26,342,2023-02-18,2023-02-24,2023-03-02
1367,60,211,2023-04-10,2023-04-11,2023-04-15
1368,42,490,2023-06-07,2023-06-15,2023-06-17
1369,30,206,2023-05-10,2023-05-14,2023-05-17
1370,14,362,2023-03-12,2023-03-14,2023-03-19
1371,91,405,2023-05-06,2023-05-10,2023-05-13
1372,82,480,2023-01-04,2023-01-10,2023-01-11
1373,33,309,2023-06-07,2023-06-13,2023-06-19
1374,52,224,2023-05-06,2023-05-11,2023-05-14
1375,98,224,2023-05-12,2023-05-16,2023-05-21
1376,45,340,2023-01-08,2023-01-12,2023-01-16
1377,18,359,2023-02-27,2023-03-01,2023-03-07
1378,60,486,2023-05-28,2023-05-31,2023-06-03
1379,5,329,2023-06-09,2023-06-11,2023-06-13
1380,31,282,2023-02-16,2023-02-25,2023-02-26
1381,99,355,2023-05-26,2023-05-29,2023-05-30
1382,7,296,2023-03-17,2023-03-21,2023-03-25
1383,4,300,2023-04-06,2023-04-13,2023-04-14
1384,52,323,2023-02-15,2023-02-21,2023-02-25
1385,50,315,2023-03-01,2023-03-04,2023-03-09
1386,7,213,2023-05-28,2023-06-04,2023-06-08
1387,86,382,2023-05-11,2023-05-13,2023-05-19
1388,62,429,2023-05-24,2023-05-29,2023-06-04
1389,10,264,2023-02-22,2023-02-27,2023-03-04
1390,90,372,2023-03-19,2023-03-23,2023-03-28
1391,81,455,2023-05-12,2023-05-19,2023-05-24
1392,26,311,2023-02-01,2023-02-03,2023-02-07
1393,99,241,2023-06-24,2023-06-29,2023-07-04
1394,42,304,2023-05-20,2023-05-21,2023-05-22
1395,9,329,2023-06-17,2023-06-18,2023-06-19
1396,10,431,2023-02-22,2023-02-27,2023-03-03
1397,28,413,2023-01-26,2023-02-03,2023-02-06
1398,49,372,2023-03-17,2023-03-20,2023-03-21
1399,69,286,2023-06-04,2023-06-09,2023-06-13
1400,8,286,2023-03-17,2023-03-18,2023-03-19
1401,51,351,2023-05-31,2023-06-01,2023-06-04
1402,5,431,2023-05-24,2023-05-28,2023-06-02
1403,11,227,2023-06-26,2023-06-29,2023-07-02
1404,58,207,2022-12-30,2023-01-05,2023-01-10
1405,96,422,2023-04-14,2023-04-22,2023-04-26
1406,25,248,2023-03-10,2023-03-14,2023-03-16
1407,68,368,2023-03-10,2023-03-19,2023-03-20
1408,62,348,2023-04-20,2023-04-24,2023-04-26
1409,12,468,2023-03-27,2023-04-01,2023-04-03
1410,32,425,2023-04-04,2023-04-05,2023-04-09
1411,40,352,2023-05-18,2023-05-26,2023-05-27
1412,59,313,2023-03-13,2023-03-19,2023-03-23
1413,30,373,2023-06-20,2023-06-21,2023-06-24
1414,21,318,2023-04-25,2023-05-02,2023-05-08
1415,12,348,2023-06-19,2023-06-24,2023-06-26
1416,8,334,2023-02-08,2023-02-15,2023-02-21
1417,96,434,2023-03-18,2023-03-27,2023-04-02
1418,22,468,2023-03-31,2023-04-02,2023-04-07
1419,2,482,2023-01-27,2023-01-29,2023-02-03
1420,95,477,2023-05-26,2023-05-31,2023-06-04
1421,61,390,2023-04-01,2023-04-07,2023-04-10
1422,19,229,2023-01-16,2023-01-23,2023-01-28
1423,25,310,2023-04-30,2023-05-08,2023-05-13
1424,58,460,2023-05-21,2023-05-24,2023-05-25
1425,65,423,2023-05-10,2023-05-12,2023-05-15
1426,89,430,2023-01-08,2023-01-10,2023-01-15
1427,41,285,2023-04-16,2023-04-22,2023-04-27
1428,12,219,2023-01-11,2023-01-14,2023-01-15
1429,95,300,2023-03-07,2023-03-11,2023-03-14
1430,4,223,2023-01-14,2023-01-20,2023-01-22
1431,99,429,2023-05-29,2023-06-03,2023-06-08
1432,54,401,2023-04-07,2023-04-13,2023-04-18
1433,46,256,2022-12-31,2023-01-04,2023-01-08
1434,17,420,2023-04-26,2023-04-29,2023-05-03
1435,88,254,2023-03-17,2023-03-21,2023-03-23
1436,4,223,2023-04-28,2023-04-30,2023-05-06
1437,30,358,2023-03-20,2023-03-23,2023-03-26
1438,49,410,2023-02-26,2023-03-04,2023-03-10
1439,24,229,2023-04-13,2023-04-19,2023-04-23
1440,31,372,2023-04-06,2023-04-10,2023-04-13
1441,94,345,2023-04-19,2023-04-23,2023-04-24
1442,92,317,2023-02-15,2023-02-16,2023-02-19
1443,17,439,2022-12-29,2023-01-04,2023-01-08
1444,47,274,2023-03-12,2023-03-19,2023-03-23
1445,9,260,2023-03-29,2023-03-31,2023-04-05
1446,3,453,2023-04-11,2023-04-17,2023-04-18
1447,70,250,2023-03-17,2023-03-22,2023-03-25
1448,19,268,2023-06-14,2023-06-19,2023-06-22
1449,84,273,2023-02-13,2023-02-18,2023-02-23
1450,100,459,2023-03-04,2023-03-11,2023-03-13
1451,39,479,2023-06-03,2023-06-12,2023-06-13
1452,100,381,2023-03-02,2023-03-11,2023-03-12
1453,31,235,2023-03-20,2023-03-25,2023-03-26
1454,30,305,2023-05-26,2023-06-01,2023-06-05
1455,92,419,2023-05-07,2023-05-15,2023-05-18
1456,10,305,2023-03-12,2023-03-21,2023-03-27
1457,77,427,2023-03-03,2023-03-11,2023-03-15
1458,84,220,2023-03-19,2023-03-23,2023-03-25
1459,50,206,2023-06-04,2023-06-10,2023-06-13
1460,15,347,2023-06-01,2023-06-09,2023-06-12
1461,15,353,2023-06-17,2023-06-25,2023-06-30
1462,14,220,2023-02-24,2023-02-26,2023-03-03
1463,69,360,2023-05-09,2023-05-11,2023-05-13
1464,68,285,2023-04-30,2023-05-07,2023-05-09
1465,33,260,2023-03-20,2023-03-22,2023-03-27
1466,28,285,2023-02-11,2023-02-12,2023-02-13
1467,17,397,2023-04-06,2023-04-08,2023-04-14
1468,65,204,2023-03-13,2023-03-15,2023-03-20
1469,22,265,2023-04-20,2023-04-22,2023-04-23
1470,16,324,2023-04-15,2023-04-22,2023-04-25
1471,86,258,2023-03-14,2023-03-17,2023-03-23
1472,64,231,2023-02-25,2023-03-04,2023-03-05
1473,21,267,2023-01-16,2023-01-20,2023-01-22
1474,86,278,2023-05-17,2023-05-23,2023-05-28
1475,92,367,2023-01-13,2023-01-14,2023-01-17
1476,63,447,2023-03-04,2023-03-07,2023-03-08
1477,72,241,2023-02-09,2023-02-13,2023-02-14
1478,99,478,2022-12-28,2023-01-06,2023-01-10
1479,50,396,2023-06-17,2023-06-20,2023-06-23
1480,11,207,2023-01-04,2023-01-12,2023-01-14
1481,92,284,2023-02-02,2023-02-10,2023-02-14
1482,55,303,2023-05-15,2023-05-17,2023-05-23
1483,42,467,2023-02-27,2023-03-01,2023-03-05
1484,7,458,2023-03-19,2023-03-21,2023-03-24
1485,40,328,2023-06-03,2023-06-10,2023-06-14
1486,8,375,2023-04-06,2023-04-11,2023-04-15
1487,4,474,2023-04-11,2023-04-20,2023-04-26
1488,12,215,2023-05-18,2023-05-19,2023-05-25
1489,63,220,2023-04-17,2023-04-19,2023-04-24
1490,4,422,2023-05-29,2023-06-05,2023-06-11
1491,27,330,2023-03-09,2023-03-10,2023-03-11
1492,68,353,2023-01-20,2023-01-25,2023-01-29
1493,99,333,2023-01-06,2023-01-09,2023-01-13
1494,60,412,2023-06-13,2023-06-21,2023-06-22
1495,98,485,2023-05-06,2023-05-11,2023-05-15
1496,28,362,2023-06-06,2023-06-10,2023-06-15
1497,34,274,2023-02-01,2023-02-10,2023-02-13
1498,23,472,2023-06-20,2023-06-25,2023-07-01
1499,11,488,2023-03-31,2023-04-04,2023-04-07
1500,16,447,2023-06-04,2023-06-11,2023-06-13
1501,70,200,2023-05-20,2023-05-28,2023-06-01
1502,87,203,2023-04-29,2023-05-08,2023-05-11
1503,47,426,2023-01-29,2023-02-07,2023-02-12
1504,53,341,2023-02-11,2023-02-15,2023-02-19
1505,76,451,2023-05-23,2023-05-25,2023-05-26
1506,97,418,2023-05-07,2023-05-14,2023-05-17
1507,59,245,2023-03-26,2023-04-01,2023-04-03
1508,14,389,2023-04-07,2023-04-10,2023-04-15
1509,19,283,2023-01-29,2023-01-30,2023-02-05
1510,25,353,2023-06-11,2023-06-17,2023-06-23
1511,87,282,2023-05-27,2023-05-30,2023-05-31
1512,3,400,2023-06-15,2023-06-19,2023-06-22
1513,45,262,2023-03-03,2023-03-12,2023-03-18
1514,19,319,2023-06-18,2023-06-24,2023-06-28
1515,53,485,2023-02-21,2023-03-02,2023-03-06
1516,64,288,2023-06-05,2023-06-10,2023-06-14
1517,99,240,2023-03-15,2023-03-19,2023-03-25
1518,68,324,2023-01-02,2023-01-08,2023-01-10
1519,41,261,2023-04-29,2023-04-30,2023-05-05
1520,48,234,2023-06-05,2023-06-07,2023-06-11
1521,85,475,2023-05-24,2023-05-29,2023-06-03
1522,67,400,2023-06-12,2023-06-21,2023-06-22
1523,68,415,2023-02-03,2023-02-04,2023-02-05
1524,8,275,2023-02-05,2023-02-14,2023-02-18
1525,19,292,2023-01-20,2023-01-26,2023-01-30
1526,21,475,2023-02-11,2023-02-20,2023-02-26
1527,29,227,2023-06-24,2023-06-28,2023-07-02
1528,22,266,2023-03-11,2023-03-17,2023-03-22
1529,66,456,2023-06-03,2023-06-11,2023-06-14
1530,87,413,2023-06-06,2023-06-15,2023-06-21
1531,82,467,2023-05-19,2023-05-25,2023-05-30
1532,90,292,2023-01-26,2023-01-27,2023-01-30
1533,99,490,2023-06-13,2023-06-17,2023-06-23
1534,56,388,2023-06-20,2023-06-26,2023-07-01
1535,49,389,2023-02-07,2023-02-15,2023-02-16
1536,43,289,2023-05-21,2023-05-28,2023-06-01
1537,85,305,2023-06-20,2023-06-26,2023-07-02
1538,9,240,2023-03-28,2023-03-29,2023-04-03
1539,88,258,2023-01-14,2023-01-21,2023-01-24
1540,55,391,2023-02-07,2023-02-10,2023-02-15
1541,11,244,2023-03-17,2023-03-18,2023-03-24
1542,40,271,2023-04-10,2023-04-18,2023-04-21
1543,61,439,2023-04-18,2023-04-19,2023-04-23
1544,45,449,2023-03-26,2023-03-31,2023-04-04
1545,8,373,2023-05-26,2023-06-02,2023-06-05
1546,30,374,2023-06-20,2023-06-24,2023-06-25
1547,82,360,2023-05-22,2023-05-26,2023-05-28
1548,82,283,2023-05-26,2023-05-27,2023-05-31
1549,97,442,2023-03-08,2023-03-17,2023-03-19
1550,39,304,2022-12-31,2023-01-02,2023-01-07
1551,51,465,2023-03-14,2023-03-16,2023-03-21
1552,51,238,2023-04-25,2023-04-28,2023-04-29
1553,84,201,2023-05-29,2023-06-04,2023-06-09
1554,3,495,2023-05-22,2023-05-24,2023-05-30
1555,81,467,2023-06-15,2023-06-18,2023-06-24
1556,65,412,2023-02-23,2023-02-24,2023-03-01
1557,95,493,2023-05-28,2023-06-02,2023-06-03
1558,54,298,2023-04-10,2023-04-17,2023-04-19
1559,73,387,2023-04-30,2023-05-02,2023-05-08
1560,32,240,2023-05-29,2023-06-05,2023-06-09
1561,75,317,2023-02-13,2023-02-17,2023-02-19
1562,33,355,2023-05-27,2023-06-01,2023-06-03
1563,7,392,2023-06-10,2023-06-14,2023-06-15
1564,19,325,2023-06-05,2023-06-06,2023-06-08
1565,38,375,2023-03-01,2023-03-05,2023-03-10
1566,56,312,2023-03-04,2023-03-06,2023-03-10
1567,69,266,2023-06-03,2023-06-07,2023-06-10
1568,26,433,2023-06-01,2023-06-04,2023-06-10
1569,50,324,2023-01-01,2023-01-06,2023-01-09
1570,30,321,2023-06-14,2023-06-19,2023-06-24
1571,42,234,2023-04-27,2023-05-04,2023-05-09
1572,6,400,2023-01-17,2023-01-18,2023-01-22
1573,29,325,2023-03-14,2023-03-18,2023-03-21
1574,17,267,2023-04-14,2023-04-19,2023-04-25
1575,37,361,2023-02-12,2023-02-18,2023-02-23
1576,53,241,2023-05-01,2023-05-03,2023-05-06
1577,32,449,2023-04-18,2023-04-19,2023-04-22
1578,85,220,2023-06-16,2023-06-23,2023-06-27
1579,68,479,2023-05-06,2023-05-09,2023-05-13
1580,13,338,2023-04-17,2023-04-21,2023-04-23
1581,51,451,2023-01-15,2023-01-17,2023-01-20
1582,86,474,2023-05-27,2023-06-01,2023-06-03
1583,85,204,2023-01-07,2023-01-08,2023-01-12
1584,36,263,2023-04-23,2023-04-28,2023-05-01
1585,98,372,2023-01-05,2023-01-11,2023-01-17
1586,21,204,2023-05-18,2023-05-19,2023-05-23
1587,56,245,2023-01-14,2023-01-20,2023-01-21
1588,17,353,2023-04-21,2023-04-25,2023-04-28
1589,96,427,2023-03-05,2023-03-11,2023-03-13
1590,75,415,2023-06-03,2023-06-10,2023-06-16
1591,15,391,2023-05-26,2023-06-04,2023-06-07
1592,81,418,2023-06-26,2023-06-28,2023-07-03
1593,92,362,2023-06-19,2023-06-28,2023-07-02
1594,72,424,2023-04-18,2023-04-26,2023-05-01
1595,19,212,2023-02-25,2023-03-04,2023-03-10
1596,80,413,2023-04-21,2023-04-24,2023-04-30
1597,54,325,2023-05-13,2023-05-18,2023-05-20
1598,80,383,2023-06-09,2023-06-18,2023-06-21
1599,94,218,2023-02-14,2023-02-16,2023-02-19
1600,8,229,2023-01-19,2023-01-26,2023-01-27
1601,67,224,2023-03-01,2023-03-06,2023-03-10
1602,1,340,2023-05-15,2023-05-23,2023-05-28
1603,8,327,2023-05-04,2023-05-13,2023-05-17
1604,1,393,2023-06-05,2023-06-13,2023-06-16
1605,23,459,2023-01-03,2023-01-09,2023-01-11
1606,75,387,2023-04-07,2023-04-09,2023-04-12
1607,45,322,2023-02-24,2023-03-02,2023-03-05
1608,16,361,2023-03-01,2023-03-07,2023-03-08
1609,60,212,2023-02-27,2023-03-07,2023-03-09
1610,31,414,2023-01-26,2023-02-03,2023-02-06
1611,55,420,2023-01-20,2023-01-27,2023-02-02
1612,53,432,2023-02-03,2023-02-08,2023-02-09
1613,13,252,2023-01-18,2023-01-21,2023-01-24
1614,57,230,2023-01-24,2023-01-25,2023-01-31
1615,55,273,2023-01-19,2023-01-23,2023-01-29
1616,72,347,2023-02-21,2023-02-23,2023-02-27
1617,14,252,2023-06-19,2023-06-27,2023-07-01
1618,79,390,2023-01-18,2023-01-22,2023-01-28
1619,77,211,2023-02-21,2023-02-28,2023-03-02
1620,31,447,2023-02-01,2023-02-03,2023-02-05
1621,75,248,2023-04-06,2023-04-15,2023-04-19
1622,95,473,2023-03-28,2023-04-03,2023-04-05
1623,38,463,2023-03-19,2023-03-28,2023-03-30
1624,6,356,2023-03-01,2023-03-10,2023-03-14
1625,65,336,2023-04-15,2023-04-17,2023-04-20
1626,44,340,2023-04-07,2023-04-10,2023-04-12
1627,49,378,2023-04-17,2023-04-22,2023-04-26
1628,17,416,2023-05-29,2023-06-06,2023-06-07
1629,55,434,2023-05-13,2023-05-18,2023-05-23
1630,33,210,2023-01-23,2023-01-24,2023-01-28
1631,68,293,2023-06-15,2023-06-24,2023-06-25
1632,21,410,2023-03-20,2023-03-25,2023-03-28
1633,42,227,2023-05-16,2023-05-25,2023-05-30
1634,99,455,2023-02-13,2023-02-16,2023-02-18
1635,71,428,2023-01-09,2023-01-13,2023-01-15
1636,31,365,2023-05-04,2023-05-10,2023-05-11
1637,56,372,2023-04-08,2023-04-10,2023-04-15
1638,9,473,2023-01-05,2023-01-08,2023-01-12
1639,28,348,2023-03-03,2023-03-11,2023-03-15
1640,54,220,2023-03-03,2023-03-06,2023-03-10
1641,13,317,2023-02-20,2023-02-26,2023-02-27
1642,10,252,2023-02-17,2023-02-22,2023-02-26
1643,24,337,2022-12-30,2023-01-02,2023-01-08
1644,25,216,2023-05-05,2023-05-11,2023-05-17
1645,24,427,2023-01-23,2023-01-29,2023-02-01
1646,65,471,2023-03-24,2023-03-25,2023-03-29
1647,92,380,2023-01-18,2023-01-27,2023-02-02
1648,34,423,2023-06-09,2023-06-14,2023-06-20
1649,25,206,2023-01-29,2023-02-02,2023-02-04
1650,57,215,2023-05-01,2023-05-06,2023-05-10
1651,100,310,2023-05-12,2023-05-15,2023-05-19
1652,73,463,2023-06-08,2023-06-09,2023-06-12
1653,87,258,2023-02-10,2023-02-14,2023-02-20
1654,67,356,2023-06-04,2023-06-06,2023-06-07
1655,98,278,2023-05-29,2023-06-05,2023-06-10
1656,44,303,2022-12-26,2023-01-04,2023-01-06
1657,5,342,2023-02-19,2023-02-25,2023-03-01
1658,17,398,2023-02-19,2023-02-28,2023-03-02
1659,26,466,2023-01-20,2023-01-25,2023-01-27
1660,72,248,2023-04-10,2023-04-14,2023-04-18
1661,88,373,2023-02-24,2023-02-26,2023-02-27
1662,26,283,2023-04-20,2023-04-24,2023-04-29
1663,75,425,2023-02-18,2023-02-23,2023-02-24
1664,46,261,2023-05-08,2023-05-14,2023-05-20
1665,62,422,2023-03-16,2023-03-19,2023-03-21
1666,94,207,2023-01-05,2023-01-06,2023-01-11
1667,81,249,2023-03-10,2023-03-16,2023-03-21
1668,41,451,2023-01-08,2023-01-16,2023-01-20
1669,64,338,2023-03-26,2023-03-31,2023-04-06
1670,89,353,2023-01-12,2023-01-18,2023-01-21
1671,4,484,2023-04-16,2023-04-18,2023-04-21
1672,17,444,2023-04-15,2023-04-17,2023-04-20
1673,34,207,2023-01-04,2023-01-08,2023-01-13
1674,94,238,2023-03-05,2023-03-06,2023-03-09
1675,59,292,2023-03-19,2023-03-25,2023-03-27
1676,44,273,2023-05-13,2023-05-17,2023-05-22
1677,92,454,2023-05-31,2023-06-05,2023-06-07
1678,88,254,2023-06-11,2023-06-19,2023-06-23
1679,48,300,2023-03-23,2023-04-01,2023-04-07
1680,93,372,2023-04-14,2023-04-18,2023-04-23
1681,9,328,2023-05-26,2023-06-04,2023-06-06
1682,93,316,2023-03-09,2023-03-12,2023-03-13
1683,99,405,2023-04-22,2023-04-23,2023-04-26
1684,18,380,2023-06-20,2023-06-22,2023-06-26
1685,68,257,2023-04-20,2023-04-24,2023-04-25
1686,87,402,2023-01-01,2023-01-10,2023-01-13
1687,5,477,2023-04-30,2023-05-02,2023-05-03
1688,41,455,2023-03-01,2023-03-09,2023-03-14
1689,51,275,2023-05-26,2023-05-29,2023-06-01
1690,19,398,2023-04-12,2023-04-19,2023-04-23
1691,71,331,2023-05-27,2023-06-03,2023-06-08
1692,84,315,2023-05-15,2023-05-23,2023-05-25
1693,41,311,2023-04-15,2023-04-22,2023-04-25
1694,46,470,2023-06-02,2023-06-05,2023-06-11
1695,37,479,2023-05-01,2023-05-09,2023-05-12
1696,63,223,2023-06-05,2023-06-13,2023-06-15
1697,4,380,2023-02-28,2023-03-08,2023-03-10
1698,23,453,2023-04-14,2023-04-19,2023-04-24
1699,62,448,2023-06-12,2023-06-18,2023-06-19
1700,70,337,2023-04-03,2023-04-11,2023-04-12
1701,7,284,2023-04-09,2023-04-13,2023-04-19
1702,3,237,2023-05-05,2023-05-08,2023-05-11
1703,36,229,2023-06-13,2023-06-18,2023-06-23
1704,25,405,2023-04-13,2023-04-22,2023-04-25
1705,47,238,2023-04-20,2023-04-28,2023-05-02
1706,22,440,2023-02-16,2023-02-23,2023-02-28
1707,31,231,2023-06-17,2023-06-19,2023-06-21
1708,9,413,2023-05-10,2023-05-19,2023-05-21
1709,17,310,2023-02-28,2023-03-09,2023-03-13
1710,21,440,2023-04-10,2023-04-11,2023-04-17
1711,63,280,2023-02-11,2023-02-20,2023-02-24
1712,88,397,2023-04-13,2023-04-14,2023-04-17
1713,23,325,2023-04-23,2023-05-02,2023-05-07
1714,81,368,2023-06-02,2023-06-11,2023-06-14
1715,13,444,2023-03-08,2023-03-11,2023-03-17
1716,81,275,2023-02-25,2023-03-04,2023-03-05
1717,64,470,2023-03-02,2023-03-06,2023-03-07
1718,32,242,2023-04-02,2023-04-06,2023-04-10
1719,35,488,2023-03-17,2023-03-19,2023-03-21
1720,61,367,2023-05-09,2023-05-12,2023-05-15
1721,65,212,2023-01-24,2023-01-27,2023-02-02
1722,19,242,2023-03-12,2023-03-21,2023-03-24
1723,20,350,2023-04-03,2023-04-05,2023-04-09
1724,22,206,2023-04-17,2023-04-25,2023-04-26
1725,67,378,2023-04-22,2023-04-24,2023-04-27
1726,80,312,2023-03-08,2023-03-13,2023-03-17
1727,75,339,2023-05-12,2023-05-13,2023-05-16
1728,6,256,2023-04-02,2023-04-07,2023-04-12
1729,59,249,2023-01-24,2023-02-02,2023-02-08
1730,19,246,2023-04-26,2023-05-03,2023-05-05
1731,68,283,2023-01-27,2023-02-02,2023-02-07
1732,7,414,2023-03-17,2023-03-20,2023-03-26
1733,54,479,2023-05-26,2023-05-28,2023-06-02
1734,63,417,2023-04-14,2023-04-15,2023-04-16
1735,66,368,2023-01-01,2023-01-06,2023-01-08
1736,82,418,2023-06-17,2023-06-18,2023-06-19
1737,76,465,2023-03-10,2023-03-12,2023-03-15
1738,89,323,2023-01-27,2023-02-04,2023-02-06
1739,74,353,2023-06-08,2023-06-15,2023-06-21
1740,39,219,2023-05-28,2023-06-06,2023-06-12
1741,54,283,2023-05-25,2023-05-28,2023-06-01
1742,66,489,2023-06-01,2023-06-07,2023-06-12
1743,67,465,2023-05-05,2023-05-14,2023-05-17
1744,97,432,2023-04-02,2023-04-06,2023-04-12
1745,59,264,2022-12-30,2023-01-02,2023-01-07
1746,26,278,2023-01-04,2023-01-10,2023-01-15
1747,51,447,2023-02-11,2023-02-17,2023-02-22
1748,100,224,2023-04-07,2023-04-08,2023-04-14
1749,45,336,2023-03-05,2023-03-09,2023-03-10
1750,83,272,2023-05-03,2023-05-09,2023-05-11
1751,48,482,2023-06-09,2023-06-15,2023-06-16
1752,50,326,2023-06-03,2023-06-12,2023-06-16
1753,28,292,2023-04-12,2023-04-21,2023-04-25
1754,27,447,2023-06-02,2023-06-03,2023-06-06
1755,43,369,2023-04-29,2023-05-01,2023-05-02
1756,84,444,2023-06-10,2023-06-17,2023-06-18
1757,96,268,2023-06-27,2023-06-29,2023-06-30
1758,40,360,2023-02-28,2023-03-02,2023-03-04
1759,94,237,2023-02-14,2023-02-17,2023-02-19
1760,36,373,2023-03-01,2023-03-04,2023-03-09
1761,74,290,2023-04-04,2023-04-12,2023-04-13
1762,51,306,2023-03-05,2023-03-14,2023-03-19
1763,39,483,2023-04-22,2023-04-23,2023-04-27
1764,54,255,2023-02-01,2023-02-06,2023-02-07
1765,2,322,2023-02-21,2023-02-27,2023-03-02
1766,40,451,2023-06-08,2023-06-13,2023-06-15
1767,79,262,2023-03-27,2023-04-02,2023-04-04
1768,11,455,2022-12-28,2023-01-04,2023-01-10
1769,61,287,2023-04-13,2023-04-17,2023-04-23
1770,92,441,2023-04-30,2023-05-09,2023-05-12
1771,1,332,2023-04-11,2023-04-12,2023-04-18
1772,74,441,2023-03-26,2023-04-02,2023-04-07
1773,67,282,2023-04-16,2023-04-19,2023-04-23
1774,68,395,2023-03-02,2023-03-10,2023-03-11
1775,23,260,2023-05-29,2023-06-02,2023-06-07
1776,88,231,2023-05-26,2023-06-02,2023-06-07
1777,96,309,2023-05-12,2023-05-13,2023-05-17
1778,58,412,2023-01-30,2023-02-08,2023-02-09
1779,6,238,2023-04-13,2023-04-19,2023-04-22
1780,41,286,2023-04-27,2023-04-28,2023-05-03
1781,76,413,2023-05-29,2023-06-07,2023-06-08
1782,29,359,2023-06-10,2023-06-14,2023-06-19
1783,23,446,2023-02-06,2023-02-14,2023-02-15
1784,85,217,2023-05-08,2023-05-14,2023-05-18
1785,33,325,2023-06-04,2023-06-07,2023-06-08
1786,78,314,2023-04-28,2023-05-02,2023-05-04
1787,34,405,2023-01-21,2023-01-28,2023-01-31
1788,47,317,2023-04-29,2023-05-07,2023-05-10
1789,72,336,2023-04-16,2023-04-17,2023-04-22
1790,62,374,2023-01-18,2023-01-19,2023-01-22
1791,29,340,2023-06-21,2023-06-27,2023-06-29
1792,1,438,2023-06-10,2023-06-11,2023-06-16
1793,64,494,2023-02-22,2023-03-02,2023-03-07
1794,26,481,2023-01-16,2023-01-17,2023-01-22
1795,67,302,2023-01-02,2023-01-07,2023-01-09
1796,65,370,2023-02-22,2023-03-03,2023-03-04
1797,3,481,2023-01-20,2023-01-29,2023-02-03
1798,54,319,2023-05-28,2023-06-05,2023-06-06
1799,65,285,2023-03-25,2023-04-03,2023-04-04
1800,51,398,2023-04-25,2023-04-28,2023-04-29
1801,19,470,2023-06-15,2023-06-18,2023-06-23
1802,11,256,2023-06-15,2023-06-23,2023-06-29
1803,18,423,2023-06-20,2023-06-28,2023-06-30
1804,22,438,2022-12-28,2023-01-06,2023-01-10
1805,36,315,2023-03-11,2023-03-20,2023-03-24
1806,49,244,2023-06-16,2023-06-22,2023-06-24
1807,79,322,2023-01-17,2023-01-20,2023-01-25
1808,83,405,2022-12-26,2023-01-03,2023-01-09
1809,59,259,2023-02-27,2023-03-03,2023-03-07
1810,75,295,2023-04-30,2023-05-02,2023-05-05
1811,62,358,2023-02-16,2023-02-18,2023-02-19
1812,61,335,2023-02-08,2023-02-17,2023-02-18
1813,58,494,2023-04-07,2023-04-11,2023-04-16
1814,81,410,2023-04-02,2023-04-09,2023-04-14
1815,92,414,2023-01-06,2023-01-09,2023-01-13
1816,21,491,2023-02-28,2023-03-05,2023-03-07
1817,86,369,2023-02-25,2023-03-03,2023-03-05
1818,16,239,2023-01-06,2023-01-08,2023-01-11
1819,94,406,2023-05-17,2023-05-18,2023-05-22
1820,90,478,2022-12-31,2023-01-02,2023-01-04
1821,62,493,2023-04-14,2023-04-23,2023-04-29
1822,67,421,2023-06-14,2023-06-15,2023-06-18
1823,94,309,2023-06-18,2023-06-22,2023-06-26
1824,7,406,2023-01-18,2023-01-22,2023-01-24
1825,96,403,2023-01-22,2023-01-23,2023-01-29
1826,28,364,2023-05-10,2023-05-16,2023-05-17
1827,70,295,2023-05-02,2023-05-05,2023-05-10
1828,79,319,2023-01-03,2023-01-05,2023-01-09
1829,48,255,2023-05-06,2023-05-14,2023-05-15
1830,29,429,2023-04-12,2023-04-14,2023-04-19
1831,2,381,2023-01-02,2023-01-08,2023-01-11
1832,48,339,2023-01-24,2023-01-27,2023-01-31
1833,91,468,2023-06-11,2023-06-12,2023-06-17
1834,35,490,2023-05-23,2023-05-29,2023-06-01
1835,38,313,2023-06-07,2023-06-08,2023-06-14
1836,96,202,2023-04-05,2023-04-10,2023-04-13
1837,85,224,2023-05-01,2023-05-05,2023-05-07
1838,61,370,2023-01-27,2023-01-29,2023-02-01
1839,74,352,2023-02-26,2023-03-02,2023-03-05
1840,48,309,2023-03-26,2023-03-28,2023-03-31
1841,55,390,2023-01-23,2023-01-28,2023-02-02
1842,51,249,2023-05-25,2023-05-29,2023-06-02
1843,42,213,2023-06-13,2023-06-15,2023-06-16
1844,27,409,2023-02-16,2023-02-24,2023-03-02
1845,87,332,2023-03-09,2023-03-16,2023-03-21
1846,41,381,2023-02-22,2023-02-28,2023-03-01
1847,83,392,2023-02-26,2023-03-06,2023-03-10
1848,76,441,2023-05-29,2023-05-30,2023-06-05
1849,93,311,2023-06-22,2023-06-23,2023-06-29
1850,59,495,2023-02-06,2023-02-12,2023-02-16
1851,20,355,2023-06-07,2023-06-15,2023-06-18
1852,90,492,2023-04-03,2023-04-04,2023-04-09
1853,66,225,2023-01-28,2023-02-05,2023-02-11
1854,40,347,2023-02-04,2023-02-12,2023-02-18
1855,29,408,2023-02-05,2023-02-09,2023-02-11
1856,55,434,2023-05-17,2023-05-24,2023-05-30
1857,80,438,2023-02-06,2023-02-14,2023-02-17
1858,48,414,2023-05-27,2023-06-04,2023-06-09
1859,73,411,2023-06-07,2023-06-12,2023-06-15
1860,81,463,2023-04-24,2023-04-29,2023-04-30
1861,94,430,2023-04-15,2023-04-20,2023-04-24
1862,12,263,2023-06-23,2023-06-26,2023-06-27
1863,11,270,2023-04-06,2023-04-08,2023-04-10
1864,20,415,2023-02-15,2023-02-19,2023-02-25
1865,15,492,2023-03-16,2023-03-25,2023-03-28
1866,40,255,2023-03-06,2023-03-13,2023-03-17
1867,11,255,2023-04-13,2023-04-20,2023-04-25
1868,28,324,2023-02-14,2023-02-18,2023-02-22
1869,26,422,2023-03-25,2023-03-27,2023-03-31
1870,64,329,2023-06-08,2023-06-15,2023-06-21
1871,11,391,2023-02-09,2023-02-15,2023-02-21
1872,10,311,2023-06-10,2023-06-17,2023-06-23
1873,17,305,2023-03-01,2023-03-06,2023-03-08
1874,56,288,2023-01-07,2023-01-09,2023-01-15
1875,76,305,2023-06-10,2023-06-17,2023-06-18
1876,39,231,2023-01-04,2023-01-13,2023-01-14
1877,40,418,2023-05-23,2023-05-28,2023-05-30
1878,82,237,2023-03-15,2023-03-18,2023-03-19
1879,60,426,2023-03-10,2023-03-12,2023-03-13
1880,16,386,2023-01-30,2023-02-08,2023-02-12
1881,96,428,2023-02-25,2023-03-03,2023-03-08
1882,83,387,2023-03-12,2023-03-18,2023-03-19
1883,4,359,2023-02-02,2023-02-08,2023-02-09
1884,63,252,2023-06-12,2023-06-15,2023-06-19
1885,28,445,2023-05-09,2023-05-11,2023-05-16
1886,80,399,2023-05-23,2023-05-30,2023-06-04
1887,72,205,2023-02-28,2023-03-03,2023-03-04
1888,10,275,2023-05-10,2023-05-11,2023-05-14
1889,59,454,2023-01-26,2023-01-31,2023-02-05
1890,62,326,2023-02-12,2023-02-21,2023-02-22
1891,31,212,2023-03-23,2023-03-25,2023-03-31
1892,49,404,2023-01-19,2023-01-20,2023-01-24
1893,54,472,2023-06-05,2023-06-13,2023-06-14
1894,58,418,2023-03-06,2023-03-13,2023-03-15
1895,46,310,2023-03-06,2023-03-13,2023-03-16
1896,28,445,2023-01-14,2023-01-16,2023-01-18
1897,17,295,2023-01-28,2023-01-30,2023-02-04
1898,93,468,2023-03-30,2023-04-04,2023-04-06
1899,94,315,2023-05-20,2023-05-29,2023-05-30
1900,52,379,2023-04-17,2023-04-18,2023-04-23
1901,57,381,2023-02-20,2023-02-21,2023-02-22
1902,44,407,2023-03-07,2023-03-16,2023-03-18
1903,32,436,2023-01-06,2023-01-15,2023-01-19
1904,57,389,2023-05-15,2023-05-16,2023-05-19
1905,42,302,2023-04-24,2023-04-25,2023-04-28
1906,97,420,2023-06-04,2023-06-09,2023-06-11
1907,85,301,2023-06-12,2023-06-17,2023-06-23
1908,64,426,2023-02-20,2023-02-23,2023-02-24
1909,11,348,2023-03-26,2023-03-29,2023-03-30
1910,66,355,2023-03-03,2023-03-04,2023-03-07
1911,6,227,2023-05-25,2023-05-27,2023-06-02
1912,38,443,2023-04-25,2023-04-29,2023-05-04
1913,86,363,2023-06-22,2023-06-26,2023-06-29
1914,58,304,2023-01-28,2023-02-01,2023-02-02
1915,60,451,2023-03-21,2023-03-24,2023-03-26
1916,56,409,2023-01-20,2023-01-28,2023-01-29
1917,97,336,2023-04-16,2023-04-24,2023-04-28
1918,76,436,2023-01-22,2023-01-31,2023-02-06
1919,34,317,2023-02-27,2023-03-08,2023-03-10
1920,26,410,2023-05-25,2023-05-28,2023-05-30
1921,24,482,2023-01-04,2023-01-05,2023-01-08
1922,15,304,2023-06-07,2023-06-12,2023-06-16
1923,44,339,2023-01-19,2023-01-26,2023-01-28
1924,4,445,2023-03-19,2023-03-28,2023-03-29
1925,66,348,2023-05-29,2023-06-07,2023-06-10
1926,84,413,2023-06-21,2023-06-26,2023-06-30
1927,62,452,2023-04-22,2023-04-26,2023-05-02
1928,79,476,2023-02-07,2023-02-15,2023-02-16
1929,5,311,2023-03-04,2023-03-11,2023-03-12
1930,68,348,2023-03-29,2023-04-01,2023-04-03
1931,86,239,2023-04-12,2023-04-14,2023-04-17
1932,10,399,2023-03-23,2023-03-30,2023-04-03
1933,75,436,2023-02-25,2023-03-02,2023-03-07
1934,55,436,2023-01-31,2023-02-06,2023-02-09
1935,93,439,2023-03-12,2023-03-14,2023-03-17
1936,65,229,2023-04-07,2023-04-14,2023-04-18
1937,90,419,2023-04-24,2023-05-03,2023-05-08
1938,95,275,2023-06-10,2023-06-11,2023-06-15
1939,55,310,2023-01-21,2023-01-22,2023-01-27
1940,65,408,2023-06-13,2023-06-19,2023-06-24
1941,38,407,2023-04-01,2023-04-09,2023-04-14
1942,62,216,2023-06-18,2023-06-24,2023-06-25
1943,90,365,2023-05-20,2023-05-21,2023-05-22
1944,78,362,2023-06-14,2023-06-22,2023-06-28
1945,61,482,2023-05-22,2023-05-23,2023-05-29
1946,31,205,2023-06-07,2023-06-12,2023-06-16
1947,86,416,2023-02-25,2023-02-27,2023-02-28
1948,26,219,2023-02-10,2023-02-16,2023-02-21
1949,70,345,2023-02-24,2023-02-28,2023-03-02
1950,17,212,2023-01-07,2023-01-14,2023-01-20
1951,44,262,2023-04-26,2023-04-29,2023-05-02
1952,81,299,2023-06-09,2023-06-12,2023-06-15
1953,32,344,2023-04-25,2023-05-02,2023-05-06
1954,50,487,2023-03-02,2023-03-06,2023-03-09
1955,13,438,2023-02-23,2023-02-27,2023-03-05
1956,40,483,2023-05-22,2023-05-24,2023-05-30
1957,31,335,2022-12-26,2023-01-03,2023-01-09
1958,15,244,2023-06-18,2023-06-20,2023-06-21
1959,8,302,2023-03-03,2023-03-12,2023-03-16
1960,80,429,2023-01-28,2023-01-30,2023-02-01
1961,69,259,2023-04-25,2023-04-27,2023-05-02
1962,43,350,2023-05-01,2023-05-06,2023-05-11
1963,94,307,2023-05-10,2023-05-14,2023-05-16
1964,93,487,2023-05-29,2023-05-31,2023-06-06
1965,15,295,2023-06-08,2023-06-17,2023-06-19
1966,74,305,2023-01-05,2023-01-06,2023-01-09
1967,96,496,2023-05-09,2023-05-12,2023-05-16
1968,5,490,2023-06-03,2023-06-09,2023-06-15
1969,65,450,2023-05-27,2023-05-30,2023-06-02
1970,9,286,2023-02-28,2023-03-01,2023-03-05
1971,18,432,2023-04-14,2023-04-23,2023-04-26
1972,23,374,2023-03-19,2023-03-24,2023-03-29
1973,47,480,2023-04-24,2023-04-26,2023-05-02
1974,25,293,2023-03-08,2023-03-15,2023-03-21
1975,41,315,2023-01-23,2023-01-25,2023-01-31
1976,10,210,2023-04-04,2023-04-09,2023-04-12
1977,21,263,2023-06-20,2023-06-22,2023-06-23
1978,76,253,2023-04-30,2023-05-01,2023-05-03
1979,18,438,2023-03-27,2023-03-31,2023-04-06
1980,2,482,2023-02-20,2023-02-28,2023-03-03
1981,7,262,2023-04-13,2023-04-21,2023-04-27
1982,12,242,2023-05-20,2023-05-21,2023-05-27
1983,63,207,2023-04-25,2023-04-30,2023-05-04
1984,90,317,2023-01-31,2023-02-05,2023-02-09
1985,30,270,2023-05-27,2023-05-31,2023-06-06
1986,37,427,2023-01-25,2023-01-29,2023-02-01
1987,19,263,2023-04-11,2023-04-16,2023-04-21
1988,27,484,2023-02-20,2023-02-24,2023-02-28
1989,25,423,2023-03-09,2023-03-11,2023-03-15
1990,69,244,2023-04-07,2023-04-10,2023-04-16
1991,87,420,2023-01-30,2023-02-03,2023-02-08
1992,22,430,2023-06-26,2023-06-29,2023-07-03
1993,19,315,2023-01-29,2023-02-07,2023-02-13
1994,20,249,2023-01-07,2023-01-09,2023-01-13
1995,5,274,2023-05-23,2023-05-28,2023-06-03
1996,22,499,2023-03-07,2023-03-09,2023-03-14
1997,77,305,2023-02-04,2023-02-11,2023-02-12
1998,68,358,2023-05-24,2023-05-27,2023-05-29
1999,57,294,2023-03-21,2023-03-26,2023-03-31
